Date,TA125 Price,Return,Moving Average 12 month,Moving Std 12 month,Rolling Yearly Return,TA125
1992-11-01,184.5500030517578,,,,,1.0
1992-12-01,195.9600067138672,0.06182608221853769,,,,1.0618260822185377
1993-01-01,202.55999755859375,0.0336802950530799,,,,1.097588697962714
1993-02-01,194.17999267578125,-0.04137048274000121,,,,1.052180923678027
1993-03-01,206.49000549316406,0.06339485673962608,,,,1.1188837825987632
1993-04-01,205.80999755859375,-0.00329317602053536,,,,1.1151991013561429
1993-05-01,203.33999633789062,-0.01200136655169004,,,,1.1018151881626526
1993-06-01,198.22000122070312,-0.025179478751831907,,,,1.0740720560438652
1993-07-01,186.08999633789062,-0.061194656483260945,,,,1.0083445855359912
1993-08-01,208.75999450683594,0.12182276648435497,,,,1.1311839125155059
1993-09-01,229.61000061035156,0.0998754869330718,,,,1.2441614565888492
1993-10-01,237.25,0.03327380936953839,,,,1.2855594477203138
1993-11-01,240.91000366210938,0.015426780451462063,0.023855076391862618,0.05604639035769754,0.3053914910775979,1.3053914910775979
1993-12-01,247.6699981689453,0.02806024824239861,0.02104125689385103,0.054800507477905706,0.26388033110543296,1.34202110037075
1994-01-01,254.4199981689453,0.027254007549980086,0.02050573293525938,0.05469706936839243,0.2560229128920197,1.3785965535724871
1994-02-01,222.2899932861328,-0.12628726166988202,0.013429334691102643,0.06743891217305341,0.14476260001351582,1.204497369874281
1994-03-01,208.07000732421875,-0.06397042778084039,0.0028155609810637714,0.06886773829374264,0.007651710925577815,1.127445157862526
1994-04-01,220.52999877929688,0.05988364981245331,0.008080296467146161,0.07074747664815999,0.07152228460870735,1.1949606888787119
1994-05-01,187.61000061035156,-0.14927673491664573,-0.0033593175632668135,0.08412374266478523,-0.07735809978770969,1.0165808588891518
1994-06-01,159.39999389648438,-0.15036515442722442,-0.013791457202882856,0.09423061028788182,-0.195843038468129,0.8637225210545241
1994-07-01,178.83999633789062,0.121957360011135,0.0014712108383168054,0.10048010961544604,-0.038959643950101985,0.9690598395044957
1994-08-01,184.1699981689453,0.029803186872048748,-0.006197087462708713,0.0937459560559111,-0.11779075007153927,0.9979409109914459
1994-09-01,187.5,0.018081130825662317,-0.013013283804992837,0.08813824961574214,-0.18339793780068092,1.0159848111593628
1994-10-01,192.08999633789062,0.024479980468750107,-0.013746102880058527,0.08775413333149881,-0.19034774989297942,1.0408560994930907
1994-11-01,171.0,-0.10979226789505914,-0.02418102357560196,0.09134142987989127,-0.2901913685583697,0.9265781477773389
1994-12-01,173.57000732421875,0.015029282597770477,-0.02526693737932097,0.09073937306229016,-0.29918840147194614,0.9405039526092033
1995-01-01,174.6699981689453,0.006337447705880628,-0.027009984032995926,0.08983515257596526,-0.3134580637291049,0.9464643472260382
1995-02-01,145.4499969482422,-0.16728689258037766,-0.030426619942203897,0.09460705981114373,-0.345674563222384,0.7881332676404786
1995-03-01,166.10000610351562,0.14197325258536564,-0.013264646578353393,0.1059663679379244,-0.201710961423213,0.9000271111181298
1995-04-01,172.55999755859375,0.03889218072064482,-0.015013935669337434,0.10481608294993555,-0.2175214323957385,0.9350311281772159
1995-05-01,180.55999755859375,0.046360686794073125,0.0012891828065558035,0.09695423880788508,-0.037577970411076356,0.9783798134533488
1995-06-01,187.3300018310547,0.037494485844042025,0.01694415282916134,0.08462334600521162,0.17521962988723994,1.0150636615189716
1995-07-01,190.32000732421875,0.01596116726599206,0.008111136767066096,0.07793303890650435,0.06419151879559659,1.0312652624061063
1995-08-01,203.60000610351562,0.06977720821896449,0.011442305212642409,0.07977704341545758,0.10550039706655423,1.1032240733500023
1995-09-01,201.8800048828125,-0.008447942873973324,0.009231549071006104,0.07994375401609416,0.0766933593750001,1.0939040994011493
1995-10-01,194.0399932861328,-0.03883500796044992,0.003955300035239436,0.08092918086268716,0.01015147579477338,1.0514223249929369
1995-11-01,194.7100067138672,0.0034529656303707856,0.013392402829025263,0.07263726296797827,0.13865501002261515,1.055052850144142
1995-12-01,208.22999572753906,0.06943653919924087,0.017926340879147795,0.07442475052724506,0.1996888110892192,1.1283120687304464
1996-01-01,209.8800048828125,0.00792397439911774,0.018058551436917553,0.07440369830502055,0.2015801630673355,1.1372527846772822
1996-02-01,211.02999877929688,0.00547929230860511,0.03245573351099945,0.04691672647871822,0.4508766119423919,1.143484125113304
1996-03-01,195.25999450683594,-0.07472873223561827,0.014397234775917459,0.042420065634375156,0.17555681716921456,1.0580330061120318
1996-04-01,204.02000427246094,0.044863310519648314,0.014894828925834417,0.04276711762324256,0.1823134397251296,1.1054998694052727
1996-05-01,201.3800048828125,-0.012939904589565732,0.009953112977197845,0.042223340538022486,0.11530797300472062,1.091194806571391
1996-06-01,195.8800048828125,-0.027311549640693378,0.004552610020136562,0.04252385215430375,0.04564139736393491,1.0613925854440498
1996-07-01,177.25999450683594,-0.09505824949880004,-0.004699008043596113,0.05104019533354887,-0.0686213341466223,0.9604984642407328
1996-08-01,181.19000244140625,0.022170867969979247,-0.008666203064344883,0.04636077569038923,-0.11006877696612416,0.9817935488767819
1996-09-01,186.72000122070312,0.030520440999967313,-0.005418837741516497,0.04772224334225739,-0.07509413163978007,1.0117583209594243
1996-10-01,187.02999877929688,0.0016602268453680402,-0.002044234841031667,0.046562133456555514,-0.036126544781409864,1.0134380692849057
1996-11-01,198.9199981689453,0.06357268602497901,0.0029657418585190185,0.05029234324955348,0.021621854603830704,1.0778650494693158
1996-12-01,211.0399932861328,0.06092899270436258,0.002256779650612495,0.049320710849223626,0.013494681920228846,1.1435382812047192
1997-01-01,242.33999633789062,0.14831313517585532,0.013955876382007293,0.06495856947206792,0.1546597612917071,1.3131400288838
1997-02-01,253.13999938964844,0.044565499772887485,0.017213060337364156,0.06547279714450595,0.19954509242257923,1.3716607705427903
1997-03-01,245.63999938964844,-0.029627873975205055,0.020971465192398592,0.060846178221860725,0.2580149866850925,1.331021378096416
1997-04-01,255.11000061035156,0.03855235810223756,0.020445552490947694,0.06064785086397033,0.25041660262717125,1.3823353909065226
1997-05-01,274.3900146484375,0.07557529689921383,0.027821819281679327,0.06159365979135987,0.3625484556329768,1.4868057984885739
1997-06-01,284.9800109863281,0.03859468556630641,0.033314005548929305,0.059119267087625174,0.4548703485933685,1.5441886007794012
1997-07-01,306.1400146484375,0.07425083460721926,0.04742309589109758,0.043956131121281654,0.7270677204981599,1.658845893178226
1997-08-01,280.79998779296875,-0.0827726714672321,0.03867780093799664,0.0577211610101118,0.5497543132037579,1.5215387870474173
1997-09-01,295.5899963378906,0.052670972891303736,0.04052367859560801,0.05779071636685853,0.5830655227369195,1.601679715253059
1997-10-01,279.0199890136719,-0.05605740224468725,0.03571387617143673,0.06344458052803625,0.491846178873834,1.5118937111879622
1997-11-01,285.5799865722656,0.023510851612399408,0.032375389970388434,0.06289704243857634,0.4356524693395527,1.5474396198854223
1997-12-01,290.9599914550781,0.01883887224517089,0.028867879932122458,0.062331018825252556,0.37869598517560576,1.5765916371915594
1998-01-01,267.05999755859375,-0.08214185660702544,0.00966329728354906,0.057498549907022384,0.10200545347139656,1.4470874730015348
1998-02-01,282.25,0.05687861372077463,0.010689390112539656,0.0582825434845007,0.11499565726688532,1.529395802398561
1998-03-01,302.7900085449219,0.07277239519901468,0.019222745877057967,0.05932989698215942,0.23265758547987447,1.640693598146423
1998-04-01,307.3800048828125,0.015159008581386635,0.017273300083653725,0.05902055067383156,0.20489202362668957,1.6655648864801509
1998-05-01,326.82000732421875,0.06324419979372986,0.016245708658196727,0.05801191795898944,0.19107835517614302,1.7709022049301226
1998-06-01,319.0400085449219,-0.023805148414854593,0.011045722493099977,0.05861998184619158,0.11951714592441287,1.7287456151135678
1998-07-01,318.6300048828125,-0.0012851167600556046,0.0047510598791604035,0.055169997658785976,0.04079829371119015,1.7265239751497126
1998-08-01,293.6099853515625,-0.07852373959712933,0.005105137535002302,0.0545675555332015,0.0456196514083842,1.5909508561168562
1998-09-01,280.7699890136719,-0.0437314702445023,-0.0029283993929815344,0.05402175678283903,-0.050137039506837455,1.5213762360921164
1998-10-01,280.29998779296875,-0.0016739724297251124,0.0016035530915986436,0.05137586255685202,0.004587480573781333,1.518829494217659
1998-11-01,296.45001220703125,0.057616928709932846,0.004445726183059763,0.05359350786087065,0.03806298111165085,1.606339784908541
1998-12-01,299.8900146484375,0.011603988192801395,0.003842819178695639,0.05345739257690028,0.030691584601376665,1.6249797328062472
1999-01-01,294.5799865722656,-0.017706585137210573,0.009212425134513544,0.04686502996640742,0.10304796399780503,1.5962068908210716
1999-02-01,310.1499938964844,0.05285493935073937,0.008877118937010606,0.046506007159480715,0.09884851690517049,1.6805743092266519
1999-03-01,351.94000244140625,0.13474128443436206,0.014041193039956221,0.056592695973270005,0.16232369797364865,1.9070170502392418
1999-04-01,372.9100036621094,0.059584023058573354,0.017743277579721783,0.05810531215583541,0.21318887936214304,2.020644798133789
1999-05-01,390.9100036621094,0.04826901886040491,0.016495345835278036,0.05719289471345061,0.1961018141533506,2.118179340005088
1999-06-01,418.510009765625,0.07060450191848311,0.02436281669638951,0.057636955494140406,0.3117790827375102,2.2677323372801688
1999-07-01,410.2300109863281,-0.01978447011084361,0.02282120391715718,0.05862426787857607,0.28748079182688646,2.2228664546338557
1999-08-01,385.80999755859375,-0.05952761322610356,0.02440421444807599,0.05582872482234291,0.31402205921788684,2.0905445200691313
1999-09-01,399.6400146484375,0.0358467047960398,0.031035729034787834,0.05156288913589739,0.423371550685844,2.165483652343028
1999-10-01,402.25,0.006530840896546541,0.0317194634786438,0.05114240542192224,0.4350696308167672,2.1796260815405533
1999-11-01,441.1199951171875,0.09663143596566193,0.034970672416621225,0.054093389873265264,0.48800801805709937,2.3902464796680256
1999-12-01,487.2300109863281,0.10452941689231543,0.04271445814158073,0.05701663672757118,0.6246956790392311,2.640097550416634
2000-01-01,490.95001220703125,0.007635000178196183,0.044826256917864626,0.05500926787387007,0.6666102063474453,2.6602546956845203
2000-02-01,564.8099975585938,0.1504429850597826,0.05295859406028489,0.06294516351211162,0.8210865989799268,3.060471353122603
2000-03-01,516.5499877929688,-0.08544468046640497,0.03460976365188764,0.06876173138377967,0.4677217258898214,2.7989703562784563
2000-04-01,492.2799987792969,-0.046984782861710594,0.025729029825197314,0.07204637390414013,0.3201040303154421,2.6674613418523485
2000-05-01,533.3499755859375,0.08342808342504582,0.02865895187225072,0.07374131460861617,0.36438047271603935,2.8900025292134908
2000-06-01,544.1900024414062,0.020324416146377366,0.024468944724575243,0.07256029322419329,0.3003034329959393,2.9487401432813085
2000-07-01,525.4500122070312,-0.034436483857295364,0.0232479435790376,0.07348998221578439,0.28086682625602233,2.847195900937843
2000-08-01,573.52001953125,0.09148350215525136,0.03583220319415051,0.07091126844413591,0.48653488287106494,3.1076673532777126
2000-09-01,559.1599731445312,-0.025038439631899,0.03075844115848894,0.07305589773301559,0.399159124834942,3.029856211856645
2000-10-01,460.5199890136719,-0.17640744843759226,0.015513583713977375,0.09450861778165409,0.14486013427886113,2.4953670083902253
2000-11-01,472.7699890136719,0.026600365439590767,0.00967766117013811,0.09114662615649957,0.07174917085333266,2.561744682719304
2000-12-01,494.5799865722656,0.046132364713114216,0.004811240155204677,0.08709069841875468,0.015085227552092961,2.679924022724392
2001-01-01,445.6000061035156,-0.09903348659174527,-0.004077800408957111,0.09207717139265537,-0.09237194210393818,2.41452180295302
2001-02-01,449.3599853515625,0.008438014354904322,-0.015911547967696966,0.07854343437077346,-0.20440504365373668,2.4348955725865666
2001-03-01,382.1300048828125,-0.14961274403672542,-0.021258886598557004,0.08557708213828195,-0.2602264758237324,2.070604164529017
2001-04-01,418.92999267578125,0.09630227232288169,-0.009318298666507649,0.09145574166914043,-0.14900058154993312,2.270008050654383
2001-05-01,414.2099914550781,-0.011266801860033038,-0.017209539106930887,0.08668664817613228,-0.2233804998302894,2.2444323197269807
2001-06-01,413.19000244140625,-0.0024624925393247343,-0.019108448164072728,0.0860368483480718,-0.2407247457915307,2.238905421884634
2001-07-01,433.6499938964844,0.04951715030418602,-0.012112311983949279,0.08806655801147022,-0.17470742445120924,2.3497696381769524
2001-08-01,411.8999938964844,-0.050155656188460296,-0.023915575179258585,0.08221717587986672,-0.28180363392870067,2.231915400082466
2001-09-01,358.6000061035156,-0.1294003121698606,-0.03261239789075538,0.0876845878011147,-0.3586808367436112,1.9431048505750756
2001-10-01,368.3500061035156,0.027189068137342787,-0.015646021509510794,0.07628854314293564,-0.20014328391599934,1.9959360607553625
2001-11-01,397.510009765625,0.0791638473705214,-0.011265731348599909,0.08033637842769582,-0.15918941768080475,2.15394203843032
2001-12-01,446.7900085449219,0.12397171786530037,-0.00477911858591773,0.08815429819069519,-0.09662739966199763,2.4209699331168135
2002-01-01,436.4599914550781,-0.023120519466149014,0.001546962007881958,0.08336953484029264,-0.020511702251445274,2.364995850651225
2002-02-01,410.0199890136719,-0.060578295740830845,-0.00420439716676264,0.0852111794810025,-0.08754672783584072,2.221728432584637
2002-03-01,400.4700012207031,-0.02329151760610948,0.006322371702455355,0.07246401782156142,0.04799412792385915,2.169981005681098
2002-04-01,362.7799987792969,-0.09411442137119008,-0.009545686105383958,0.07181478478534563,-0.13403192628401772,1.9657544989449485
2002-05-01,372.8599853515625,0.027785397778773202,-0.0062913361354834385,0.07261013860538572,-0.09982860615760913,2.020373769633547
2002-06-01,353.9200134277344,-0.05079647231646478,-0.010319167783578442,0.07371068781576552,-0.14344487684470741,1.9177459093754448
2002-07-01,362.19000244140625,0.023366830639433456,-0.012498361088974489,0.07215091217650135,-0.16478725345522816,1.962557553249287
2002-08-01,363.82000732421875,0.004500413793382396,-0.007943688590487599,0.0712774612989031,-0.11672733014011338,1.971389874332237
2002-09-01,336.75,-0.07440494414617305,-0.003360741255180303,0.06417206102969022,-0.06093141587177853,1.8247087208422157
2002-10-01,322.1099853515625,-0.04347443102728288,-0.009249366185565775,0.06435575413642305,-0.125532835579643,1.7453805474130792
2002-11-01,359.04998779296875,0.11468133284067106,-0.006289575729719971,0.06940990989663723,-0.09675233586025311,1.9455431149045914
2002-12-01,332.45001220703125,-0.07408432388326736,-0.02279424587543395,0.058273933935244195,-0.25591439860140575,1.8014088686511387
2003-01-01,318.79998779296875,-0.04105887776464279,-0.024289109066975095,0.05851265602899044,-0.2695779818669114,1.7274450421090481
2003-02-01,323.6300048828125,0.015150618804227856,-0.017978366188220202,0.05832644919148834,-0.21069700611103315,1.7536169034472957
2003-03-01,341.69000244140625,0.055804459679606344,-0.011387034747743885,0.06202349220717908,-0.14677753289915618,1.8514765472291965
2003-04-01,392.67999267578125,0.14922880350623924,0.008891567325375225,0.07156371351798063,0.08241908042641155,2.1277701770920725
2003-05-01,434.8800048828125,0.10746667259381848,0.015531673559962331,0.0769687058232248,0.16633594906348703,2.3564345580685178
2003-06-01,453.3999938964844,0.04258643489176395,0.023313582493981393,0.07432841028628598,0.2810804043130566,2.456786704952405
2003-07-01,424.7699890136719,-0.06314513733617078,0.016104251829347705,0.07840643082871021,0.17278220312662995,2.301652571062507
2003-08-01,417.6199951171875,-0.0168326249062154,0.014326498604381224,0.07893352569314416,0.14787528643257053,2.2629097166693857
2003-09-01,432.0799865722656,0.034624758450611415,0.02341230715411326,0.07390635578401922,0.28308830459470125,2.3412624190046043
2003-10-01,473.3399963378906,0.0954916012031588,0.0349928098399834,0.07335835829839155,0.4694980530369781,2.564833316232135
2003-11-01,510.55999755859375,0.0786326985014254,0.0319887569783796,0.07048005729269374,0.4219746968853455,2.7665130810938274
2003-12-01,534.3900146484375,0.04667427374607214,0.042051973447491224,0.06207822722295827,0.6074296737148239,2.89563806996289
2004-01-01,554.3099975585938,0.037276113632589425,0.04857988939726057,0.05640341725188828,0.738739080249172,3.0035762036976785
2004-02-01,559.3599853515625,0.009110403592233585,0.048076538129594386,0.056754722736561576,0.7283934644876597,3.030939995133393
2004-03-01,566.0700073242188,0.011995891998672237,0.04442582415618321,0.057614900050008806,0.6566771145763612,3.0672988239694696
2004-04-01,571.1799926757812,0.009027126124765195,0.03274235104106037,0.04781175644582829,0.45456861395884673,3.094987717315786
2004-05-01,569.8699951171875,-0.002293493426576254,0.02359567053936081,0.04241081508126051,0.3104074427858574,3.087889383330788
2004-06-01,596.239990234375,0.046273703376442654,0.023902942913084035,0.04257395772637308,0.315041901766109,3.230777460714303
2004-07-01,570.8699951171875,-0.042549972381447976,0.025619206659310934,0.03901192775929295,0.343950867251154,3.0933079689903047
2004-08-01,551.0900268554688,-0.034648813969734626,0.024134524237351,0.04105966889452198,0.31959684234187224,2.986128516621662
2004-09-01,558.969970703125,0.014298832248188953,0.022440697053815795,0.04100679292255896,0.29367244046059726,3.028826667352368
2004-10-01,545.7999877929688,-0.02356116356946658,0.012519633322763679,0.035797072303891224,0.15308233408476446,2.9574639868193167
2004-11-01,589.4099731445312,0.07990103760886225,0.012625328248383416,0.0360112563715989,0.15443821678741765,3.1937684280570227
2004-12-01,635.9500122070312,0.07896038612004919,0.015315837612881503,0.0397938546714285,0.1900484566976941,3.4459496163144276
2005-01-01,658.3900146484375,0.0352857960699291,0.015149977815993143,0.039698036326482826,0.1877650007184688,3.5675426917429487
2005-02-01,672.3699951171875,0.021233585196784865,0.01616024294970575,0.039684621665692706,0.2020344907128051,3.64329441343124
2005-03-01,664.6400146484375,-0.011496617226952166,0.014202533847570383,0.04048021936821362,0.1741304185857746,3.6014088521149277
2005-04-01,676.7000122070312,0.01814515721713339,0.0149623697719344,0.04045981281968023,0.18474039862097613,3.666756981939729
2005-05-01,699.2999877929688,0.03339733290713043,0.01793660529974329,0.04038776942996809,0.2271219642809328,3.789216885555115
2005-06-01,656.47998046875,-0.061232672775186514,0.008977740620440858,0.045170927398255706,0.10103312629314809,3.5571930079277077
2005-07-01,696.1599731445312,0.0604435685113327,0.017560535694839247,0.044265925002938813,0.21947199730058387,3.77220244721042
2005-08-01,715.0700073242188,0.02716334593939873,0.022711549020600363,0.04112309215561705,0.29755570320229374,3.8746680872374433
2005-09-01,753.5900268554688,0.05386887876250235,0.026009052896793144,0.041965049098488236,0.34817622833572326,4.083392112673774
2005-10-01,765.3699951171875,0.015631799575259064,0.029275133158853616,0.039189739458263824,0.4022902386130236,4.147222879766284
2005-11-01,790.5499877929688,0.03289911132709866,0.02535830596870665,0.035878893593468034,0.341256551149526,4.2836628269860055
2005-12-01,822.989990234375,0.04103472638330086,0.022197834323977622,0.03221088078254973,0.2941111320656027,4.459441759009692
2006-01-01,844.4099731445312,0.026027027259537094,0.021426270256444956,0.03197893268333005,0.2825376362905858,4.575507771233756
2006-02-01,823.2100219726562,-0.025106230203472912,0.01756461897309014,0.03468751642767665,0.22434080632818665,4.460634019831382
2006-03-01,835.780029296875,0.015269502300393922,0.019795128933702315,0.03348876578248792,0.2574927944098615,4.528745681258412
2006-04-01,879.9199829101562,0.05281288385224436,0.022684106153294897,0.0348030396147301,0.30031028082936007,4.7679218009190665
2006-05-01,868.8699951171875,-0.012557946185541957,0.018854499562238863,0.036023988997909186,0.24248535719182773,4.708046495526252
2006-06-01,793.5700073242188,-0.08666427453604586,0.016735199415500585,0.041496292203907804,0.20882590624862862,4.300027061509496
2006-07-01,815.469970703125,0.02759676295321345,0.013997965618990646,0.039380437668487936,0.1713830185031675,4.4186938890183765
2006-08-01,820.0,0.005555114792233251,0.01219727969006019,0.0392174038753024,0.14674086676971343,4.443240240803614
2006-09-01,846.0900268554688,0.03181710592130327,0.0103596319532936,0.03756926264858367,0.12274578577688722,4.58461128617906
2006-10-01,914.1300048828125,0.08041694839521663,0.01575839435495673,0.04270024128685841,0.19436352445832172,4.953291735391849
2006-11-01,936.1300048828125,0.024066598714064025,0.015022351637203843,0.042453330140585006,0.18415029958607576,5.072500619901215
2006-12-01,925.5999755859375,-0.011248468954045743,0.01066541869242496,0.04222327625919487,0.12467950591032184,5.015442754158878
2007-01-01,958.260009765625,0.035285258255341345,0.011436937942075315,0.042612279725627936,0.13482791563572283,5.192413947004255
2007-02-01,970.719970703125,0.013002693225763862,0.014612681561178379,0.041032021307809745,0.17918871830179017,5.259929312658329
2007-03-01,994.5,0.02449731128911492,0.015381665643571796,0.04113179808614933,0.18990639299751266,5.388783438389261
2007-04-01,1066.56005859375,0.07245858078808443,0.0170188070548918,0.04310092628578359,0.21211028196713944,5.77924703850928
2007-05-01,1117.02001953125,0.04731094187422591,0.022007881059872458,0.04283024324444244,0.28560086757351266,6.052668659224985
2007-06-01,1102.18994140625,-0.013276465833820361,0.028123531785057915,0.028865299438631743,0.3889007034459939,5.97231061056735
2007-07-01,1103.0999755859375,0.000825660029637465,0.025892606541426583,0.029924803661787343,0.3527168568019843,5.977241708723074
2007-08-01,1034.6700439453125,-0.06203420646825486,0.020260163103052575,0.03906550496807187,0.26179273651867385,5.606448262453482
2007-09-01,1095.3699951171875,0.05866599842827114,0.02249757081196656,0.040529028657547664,0.294625820361196,5.935356147406763
2007-10-01,1189.0400390625,0.08551452419078842,0.02292236879493088,0.04121224495525248,0.3007340670487342,6.442915304255123
2007-11-01,1133.1099853515625,-0.04703799020513688,0.01699698638499747,0.045880042369038275,0.21041947105777092,6.139853517281043
2007-12-01,1154.5899658203125,0.018956659765102524,0.01951408044492649,0.045009864159275395,0.24739627946664133,6.256244631415709
2008-01-01,1003.469970703125,-0.13088628828488025,0.005666451566574693,0.06205219617086601,0.04717922116833151,5.437387993007498
2008-02-01,1034.010009765625,0.0304344324734509,0.007119096503881946,0.062442363136414755,0.06519906973445377,5.602871810712637
2008-03-01,928.0599975585938,-0.10246517074921402,-0.0034611103326454653,0.06957857286059645,-0.06680744337999622,5.0287725939420085
2008-04-01,996.1699829101562,0.07338963594028014,-0.0033835224032958224,0.06967138533448408,-0.06599729205723537,5.397832383837871
2008-05-01,1035.6800537109375,0.039661976849933556,-0.004020936155320186,0.06919881240492197,-0.07281871801585638,5.61192108688547
2008-06-01,987.510009765625,-0.046510545194642705,-0.006790442768722048,0.07025983726973895,-0.10404734005674954,5.350907577545115
2008-07-01,948.0599975585938,-0.039948974508515867,-0.010188328980234826,0.07084158235855244,-0.14054934408369524,5.137144307132341
2008-08-01,922.4199829101562,-0.02704471733272651,-0.0072725382189407954,0.06921504597880088,-0.10848875126135304,4.998211691448522
2008-09-01,812.77001953125,-0.11887205981051063,-0.022067376405505944,0.07272480147728427,-0.2579949942445737,4.40406397231706
2008-10-01,645.6900024414062,-0.20556862713293,-0.046324305682482476,0.08158427016184698,-0.45696529870390123,3.4987265877222438
2008-11-01,575.3900146484375,-0.10887575698424756,-0.05147745291407504,0.08356241005376389,-0.4922028557802224,3.117800082003071
2008-12-01,564.0900268554688,-0.019638831931890643,-0.05469374388882447,0.08131758131462112,-0.5114369225834261,3.056570130195378
2009-01-01,599.969970703125,0.06360676867072046,-0.03848598914252441,0.0840862387523946,-0.4021047084421172,3.250988679392549
2009-02-01,603.6900024414062,0.00620036321804851,-0.04050549491380794,0.08255761390558403,-0.41616619110075903,3.2711459900225464
2009-03-01,666.1400146484375,0.10344715326487885,-0.0233461345793002,0.08960691708008664,-0.2822231144529206,3.6095367306042028
2009-04-01,745.25,0.11875879486584151,-0.019565371335503418,0.09486251635474495,-0.2518847056374178,4.038200962754748
2009-05-01,791.030029296875,0.06142908996561558,-0.017751445242529917,0.09629528788368856,-0.23622162417578563,4.2862639729950445
2009-06-01,801.260009765625,0.01293248055050844,-0.012797859763767322,0.09621026618699616,-0.18860568314057335,4.341695998460148
2009-07-01,884.6900024414062,0.10412349506895424,-0.0007918206323114796,0.10136533789579844,-0.06684175609178256,4.793768560346711
2009-08-01,883.760009765625,-0.0010512073983144354,0.0013743051955561931,0.10103050685858529,-0.041911465342026055,4.788729315370268
2009-09-01,927.7000122070312,0.04971938304049228,0.015423592099806436,0.09428596019150494,0.14140530520806482,5.026821982478396
2009-10-01,957.3300170898438,0.03193920932729277,0.035215911804825,0.0636200645886483,0.4826464920783988,5.187374702027811
2009-11-01,1003.5499877929688,0.048280080931367486,0.04831223163112625,0.044591824755762996,0.7441213129256969,5.437821572463041
2009-12-01,1064.97998046875,0.06121268837926008,0.055049858323722146,0.0391698708066607,0.8879610164453755,5.7706852498402395
2010-01-01,1073.260009765625,0.0077748215447492885,0.05039719606322455,0.04131806534628534,0.7888562130998582,5.815551297848664
2010-02-01,1092.31005859375,0.017749705248297776,0.05135964123241199,0.04031736686261433,0.8093890145211886,5.918775619241833
2010-03-01,1155.4200439453125,0.05777662199028999,0.04755376362619625,0.0369700653577921,0.734500283029984,6.260742480840112
2010-04-01,1097.6800537109375,-0.04997315957685422,0.03349276742263827,0.039431699249727774,0.47290178290632334,5.947873397775499
2010-05-01,1009.4000244140625,-0.08042419008929413,0.0216716607513958,0.05011189325289614,0.2760577816638523,5.469520497005747
2010-06-01,990.3400268554688,-0.018882501582717648,0.019020412240293622,0.051440289910918535,0.23597835257640165,5.3662422675643295
2010-07-01,1029.1700439453125,0.039208772781947454,0.013610852049709724,0.044641005186084395,0.1633114888889855,5.576646041326141
2010-08-01,1046.4200439453125,0.016761078600648238,0.015095209216289948,0.044404669011217174,0.18405453107436398,5.670116643952802
2010-09-01,1128.8699951171875,0.07879240430163614,0.017517960988051934,0.047172395110347806,0.21684809772888292,6.116878767000569
2010-10-01,1171.1600341796875,0.03746227576729044,0.01797821652471841,0.047352493196679474,0.22336081943806452,6.346030966205028
2010-11-01,1149.6700439453125,-0.0183493199965854,0.012425766447389,0.04738275024848199,0.1456031666879838,6.229585613297892
2010-12-01,1224.0,0.06465329460930369,0.012712483633225968,0.04771405329249681,0.14931737915041143,6.632348847248321
2011-01-01,1203.75,-0.016544117647058876,0.010685905367241955,0.04845356134349594,0.1215828308583593,6.522622487643109
2011-02-01,1189.9599609375,-0.011455899532710312,0.008252104968824614,0.048798756800914764,0.08939760425667531,6.447899979734873
2011-03-01,1207.6099853515625,0.014832452345839409,0.004673424165120399,0.046349899507901485,0.04516966940268885,6.54353814891503
2011-04-01,1195.3299560546875,-0.010168870285798493,0.007990448272708376,0.04341497210436796,0.0889602594249792,6.476997758268539
2011-05-01,1152.219970703125,-0.03606534340848577,0.011687018829442406,0.03654790968833756,0.14148993742294258,6.243402609860592
2011-06-01,1113.3800048828125,-0.03370881151852545,0.010451493001458423,0.037900844646798486,0.12424013438901449,6.032944928050532
2011-07-01,1117.6500244140625,0.003835186111232014,0.007503694112232136,0.03682110860923606,0.08597216853452405,6.056082394648419
2011-08-01,1013.469970703125,-0.09321348493286596,-0.0016608528488940473,0.0466750063218075,-0.03148838120297848,5.491573849602664
2011-09-01,969.77001953125,-0.04311913765097242,-0.011820148011611428,0.04042011855129799,-0.14093737655718397,5.254781920861166
2011-10-01,1021.469970703125,0.05331155854546288,-0.010499374446763724,0.042387921105931266,-0.12781350038247297,5.534922534878796
2011-11-01,984.3200073242188,-0.03636911944982013,-0.012001024401199952,0.04300597954499444,-0.14382390625197428,5.333622276062289
2011-12-01,978.489990234375,-0.005922887929192933,-0.01788237294607467,0.03579059428804008,-0.20058007333792893,5.302031829064524
2012-01-01,1013.7000122070312,0.03598403900301772,-0.013505026558568287,0.039034365403124834,-0.15788160979685872,5.4928203491968235
2012-02-01,990.0599975585938,-0.023320523195978216,-0.014493745197173946,0.039127893775977945,-0.16798881470046834,5.364724904832038
2012-03-01,1032.47998046875,0.042845870972224365,-0.0121592936449752,0.04178225214382698,-0.14502199137731397,5.59458121590595
2012-04-01,1066.489990234375,0.0329401154588822,-0.00856687816625181,0.04377468349402297,-0.10778610974124869,5.778867367101985
2012-05-01,981.280029296875,-0.07989757214577697,-0.012219563894359409,0.04791113841041675,-0.14835703750381657,5.317149894718078
2012-06-01,969.8599853515625,-0.011637905189505804,-0.010380321700274439,0.047432445591615684,-0.12890479342347816,5.255269408364958
2012-07-01,996.719970703125,0.02769470414002706,-0.008392028531208184,0.04856896975764012,-0.10820028727180153,5.40081253980576
2012-08-01,999.5900268554688,0.0028795009999840193,-0.00038427970347068574,0.04057683225339396,-0.013695466317592664,5.416364184914858
2012-09-01,1054.5799560546875,0.055012482839797094,0.007793355337426773,0.04106682039516647,0.0874536589246504,5.714331826691578
2012-10-01,1076.4100341796875,0.02070025890371463,0.005075747033947753,0.03879711529663607,0.053785294773516235,5.83261997496583
2012-11-01,1089.6099853515625,0.012262939542304174,0.009128418616624778,0.03654917823172148,0.10696722330531983,5.904145041092071
2012-12-01,1049.06005859375,-0.03721508365649662,0.0065207356393494715,0.03876953463227931,0.07212140038598824,5.68442178946774
2013-01-01,1046.719970703125,-0.002230651974074682,0.0033361780579251044,0.037683669754497724,0.03257369842997493,5.671741822781591
2013-02-01,1090.6700439453125,0.04198837747660855,0.008778586447307335,0.038196410727457004,0.10162015093510979,5.909889059386412
2013-03-01,1100.0400390625,0.008591044715313911,0.005924017592564797,0.0366684112925411,0.06543473953178003,5.960661180558145
2013-04-01,1082.949951171875,-0.01553587804421186,0.0018843514673069588,0.036087176017231014,0.015433769738319558,5.868057075394126
2013-05-01,1107.9000244140625,0.023038990135406223,0.010462398324072225,0.025586516432548764,0.12903553658165823,6.003251184468132
2013-06-01,1069.56005859375,-0.03460597975940061,0.008548392109914324,0.028123335999118617,0.10279841909968823,5.79550279548783
2013-07-01,1094.06005859375,0.02290661454973586,0.008149384644056725,0.027859728362403104,0.09766041691926519,5.928258144145987
2013-08-01,1081.6800537109375,-0.011315653821349803,0.006966455075612239,0.028399957248954142,0.08212369536509811,5.861176027223234
2013-09-01,1142.510009765625,0.056236551507071963,0.0070684607978851455,0.02858977891994819,0.08337921957088446,6.190788354770189
2013-10-01,1160.43994140625,0.015693456938992822,0.006651227300824995,0.028408714538372088,0.07806496089624448,6.287943225234192
2013-11-01,1218.4300537109375,0.049972523553794224,0.009793692635115833,0.03104885887696647,0.11822585153513554,6.602167616162129
2013-12-01,1206.800048828125,-0.009545073882075816,0.012099526782984232,0.02813071501812638,0.15036316457021837,6.539149438484013
2014-01-01,1200.6300048828125,-0.005112730937742338,0.011859353536011927,0.028276112623578365,0.14704031497201653,6.505716526843355
2014-02-01,1253.56005859375,0.044085233165652715,0.01203409151009894,0.028484935141372472,0.14934857297373894,6.792522556838885
2014-03-01,1282.219970703125,0.02286281531778056,0.013223405726971163,0.028625703482399234,0.16561209153431022,6.9478187455977505
2014-04-01,1250.02001953125,-0.02511265766217763,0.012425340758807349,0.029616724942181444,0.1542731205431851,6.773340551940694
2014-05-01,1256.739990234375,0.0053758904642542404,0.010953415786211349,0.029479886514792875,0.13434422108531852,6.809753288825019
2014-06-01,1252.3900146484375,-0.00346131707412789,0.013548804343317409,0.026304155043333274,0.17093940128530138,6.78618257349581
2014-07-01,1246.199951171875,-0.004942600471227965,0.011228036424903757,0.026630000466601664,0.13905990935605317,6.752641184310211
2014-08-01,1263.969970703125,0.014259364650544004,0.013359287964228242,0.025667790847266704,0.16852480210465415,6.848929557311573
2014-09-01,1305.43994140625,0.03280930058809539,0.011407017054313526,0.022845921216323454,0.14260700584500663,7.073638145864099
2014-10-01,1276.800048828125,-0.021938881805066757,0.008270988825641895,0.024710793750707005,0.10027240813588922,6.918450434650175
2014-11-01,1310.199951171875,0.026159070384125682,0.006286534394836184,0.02184774870073287,0.07531814992697905,7.099430666519274
2014-12-01,1288.9300537109375,-0.016234085066110127,0.005729116796166657,0.022367539922261558,0.06805601720232413,6.98417790515805
2015-01-01,1269.7099609375,-0.014911664692821236,0.004912538983243416,0.022970079095541555,0.057536423189282315,6.880032186081322
2015-02-01,1341.780029296875,0.05676104825243833,0.005968856907142217,0.02512559022095133,0.07037554371514565,7.270550024973812
2015-03-01,1416.1600341796875,0.05543382913650108,0.00868310805870226,0.028631228752358594,0.10445950502792001,7.673584452786596
2015-04-01,1430.6099853515625,0.010203614579651132,0.011626130745521324,0.026583387545893476,0.14446965888436947,7.751882750987233
2015-05-01,1454.510009765625,0.016706177545789513,0.012570321335649262,0.02654239293357004,0.15736749134112227,7.881387080539368
2015-06-01,1420.260009765625,-0.023547448810970373,0.010896477024245723,0.02822530083897441,0.13403971059631203,7.695800521700924
2015-07-01,1476.8499755859375,0.03984479280638986,0.014628759797380542,0.02889371286800855,0.1850826781024737,8.002438098967405
2015-08-01,1382.489990234375,-0.06389273583061494,0.008116084757283962,0.03672975343955583,0.09376806591798958,7.491140435509231
2015-09-01,1294.449951171875,-0.06368222532126577,7.512426483719896e-05,0.04113081187383809,-0.008418610374780089,7.014087942381887
2015-10-01,1366.6199951171875,0.05575344483575928,0.006549484818239369,0.04340258823750539,0.07034769960378773,7.405147507550641
2015-11-01,1345.3699951171875,-0.015549311495459128,0.0030737863282739677,0.04335947680348302,0.02684326458252073,7.290002562285913
2015-12-01,1315.219970703125,-0.022410210219855786,0.002559109232128496,0.04364521007511806,0.02039669795618204,7.126632072361798
2016-01-01,1246.2099609375,-0.05247031774367883,-0.0005707785221096365,0.0462791957098067,-0.018508163850781023,6.752695423082682
2016-02-01,1239.25,-0.0055849023484486615,-0.005766274405516886,0.042612085841884605,-0.07641344114400273,6.714982278555949
2016-03-01,1251.02001953125,0.009497695808956985,-0.00959428551614556,0.03847712489513623,-0.1166111249171744,6.77875913760021
2016-04-01,1245.1199951171875,-0.004716171061973307,-0.01083760098628093,0.038017543431565375,-0.12965797256671052,6.746789349919373
2016-05-01,1253.68994140625,0.006882827617153309,-0.011656213480333947,0.03747239229978784,-0.13806716145716624,6.793226337984115
2016-06-01,1210.949951171875,-0.03409135610231828,-0.012534872421279606,0.03789777119823005,-0.14737446464347814,6.561636039812251
2016-07-01,1267.260009765625,0.04650073154489731,-0.01198021085973732,0.0387726861365079,-0.14191689696657106,6.866756915794885
2016-08-01,1271.2900390625,0.003180112420355208,-0.006390806838823139,0.03528656839241508,-0.08043454343783218,6.888593974750363
2016-09-01,1260.77001953125,-0.00827507430091079,-0.0017735442537935575,0.030394340778308472,-0.026018720623485092,6.831590347780497
2016-10-01,1229.77001953125,-0.024588148131509113,-0.008468677001065924,0.024927585142079326,-0.10013754816619858,6.663614192335483
2016-11-01,1265.31005859375,0.028899744259537785,-0.004764589021482847,0.026996379926865953,-0.059507746429608654,6.856190938338205
2016-12-01,1282.4100341796875,0.013514454792955766,-0.0017708669370818848,0.02685323216195557,-0.02494634909314608,6.94884862082625
2017-01-01,1242.9599609375,-0.03076244897555125,3.8122126928746836e-05,0.023669821739123985,-0.0026079072562982253,6.7350850196892535
2017-02-01,1265.6099853515625,0.018222650065878865,0.0020220848281227075,0.02414857501705185,0.021270918177577203,6.857816117166993
2017-03-01,1251.280029296875,-0.011322568738035721,0.00028706278253998185,0.024310046240141707,0.00020783821327041707,6.78016802278756
2017-04-01,1271.989990234375,0.016551020117485216,0.0020593287141615255,0.024684471878412488,0.02158024545630921,6.892386720132647
2017-05-01,1297.43994140625,0.020007980697384076,0.0031530914708474225,0.02520297030440194,0.03489698573390965,7.030289460587967
2017-06-01,1287.72998046875,-0.007483938660756584,0.005370376257644231,0.02267174482376178,0.06340479160395729,6.977675205497563
2017-07-01,1296.8699951171875,0.0070977726596925805,0.0020867963505438367,0.018674199885719434,0.023365359218617376,7.027201157799357
2017-08-01,1271.6600341796875,-0.019439081043140294,0.00020186356191921143,0.019668885334266282,0.00029103910659156185,6.890598824986447
2017-09-01,1290.989990234375,0.01520056896901445,0.0021581671677463146,0.01991503031289353,0.023969455360590475,6.9953398476634625
2017-10-01,1313.9000244140625,0.01774609745465816,0.005686020966593587,0.01844145999798008,0.06841116919965273,7.119479830328552
2017-11-01,1329.6400146484375,0.011979595054345316,0.004276008532827548,0.01710352547481536,0.05084125872371792,7.204768315693468
2017-12-01,1365.6300048828125,0.027067469268282185,0.005405426405771417,0.018182487070400336,0.06489341823994521,7.399783160663595
2018-01-01,1407.5799560546875,0.0307183871340575,0.01052882941490548,0.015533748793054225,0.1324419130870662,7.627092564500939
2018-02-01,1361.6700439453125,-0.032616201951366275,0.006292258413468384,0.01963574504086284,0.07590020599202707,7.378325773115411
2018-03-01,1310.8299560546875,-0.03733656924942008,0.004124425037519687,0.02291880086804003,0.04759120689497065,7.102844401942707
2018-04-01,1327.72998046875,0.012892613825310928,0.0038195578465051636,0.022762272028322008,0.04382109188147343,7.194418631878227
2018-05-01,1364.949951171875,0.02803278622207861,0.004488291640229708,0.023390324810467763,0.05203324455423597,7.396098231377808
2018-06-01,1364.050048828125,-0.0006592932898216164,0.005057012087807622,0.023154544535269054,0.05926713636937575,7.3912220334429986
2018-07-01,1408.9300537109375,0.03290202212255311,0.007207366209712666,0.024519294563709555,0.08640808948905021,7.6344081843000415
2018-08-01,1492.81005859375,0.05953454159195726,0.013788501429304129,0.027172040957679725,0.17390656187187647,8.088919175878232
2018-09-01,1483.8800048828125,-0.005982042832260781,0.01202328377919786,0.027753798222125304,0.1494124788786464,8.040530914901433
2018-10-01,1434.22998046875,-0.0334595952844472,0.007756142717605746,0.03058586460617317,0.09158227705212885,7.771498004616745
2018-11-01,1470.6400146484375,0.02538646847124726,0.008873382169014241,0.03099627308889677,0.10604373999475425,7.968788893685309
2018-12-01,1333.1700439453125,-0.09347628878164838,-0.0011719310018133051,0.042105915085811525,-0.02376922066843823,7.223896081819189
2019-01-01,1409.7900390625,0.057472034767929836,0.0010575396343427228,0.0445833894832178,0.0015701296386794183,7.639068088593413
2019-02-01,1430.5799560546875,0.01474681790631216,0.005004457955815926,0.043412401131814216,0.0506069090788801,7.7517200346698205
2019-03-01,1405.030029296875,-0.01785983834715199,0.0066275188643382665,0.04202748433239533,0.0718629237965458,7.613275567938238
2019-04-01,1470.06005859375,0.046283729130983886,0.00941011180647768,0.04355754140785784,0.10719806001123122,7.965646352124229
2019-05-01,1434.7900390625,-0.023992230334445752,0.00507469376010065,0.0441209245462115,0.05116677562475025,7.774532730081328
2019-06-01,1468.1500244140625,0.02325077847164314,0.007067199740222713,0.04437758063985994,0.07631682992524458,7.955296668308988
2019-07-01,1511.6500244140625,0.029629124596691536,0.0067944582797342485,0.04421412366774296,0.07290636638247161,8.19100514449796
2019-08-01,1478.489990234375,-0.02193631703379284,5.2200609217400995e-06,0.04155455564567652,-0.00959269283921138,8.011324658822826
2019-09-01,1532.52001953125,0.03654406161269308,0.0035490620980012286,0.04279244397235016,0.03277894067470699,8.304091000754134
2019-10-01,1575.719970703125,0.028188833177584582,0.008686431136503877,0.04163029135611323,0.09865223301783987,8.538173636665872
2019-11-01,1623.719970703125,0.030462265435768465,0.009109414216880643,0.04184065169681429,0.10409070508752749,8.79826574832267
2019-12-01,1614.9599609375,-0.005395024957309369,0.016449519535575562,0.02746413863657047,0.21136832339727163,8.750798885029429
2020-01-01,1636.2900390625,0.01320780616295747,0.01276083381849453,0.02423643602532257,0.16066222183738854,8.866377740473922
2020-02-01,1550.050048828125,-0.05270458670260292,0.0071398834344182744,0.030695112574937858,0.08351165013028505,8.399078966113086
2020-03-01,1271.27001953125,-0.17985227606530474,-0.006359486375427788,0.062171591801113646,-0.0952008191828918,6.888485497205422
2020-04-01,1405.9000244140625,0.10590197425756487,-0.0013912992815460397,0.06879053047049163,-0.043644498607126714,7.617989711004079
2020-05-01,1410.4200439453125,0.003215036242092628,0.000875972933165492,0.06842529959377677,-0.016985060150759734,7.642481824016846
2020-06-01,1324.1300048828125,-0.06118038341338672,-0.00615995722392033,0.0702324358835458,-0.09809625524389332,7.174911855793656
2020-07-01,1383.6400146484375,0.04494272431421242,-0.004883823914126922,0.07107590631253648,-0.08468230588971382,7.497371941307365
2020-08-01,1420.4200439453125,0.026582079809407855,-0.0008406241771935311,0.07139695374570054,-0.03927652312333685,7.696667680612012
2020-09-01,1345.8800048828125,-0.052477462128357466,-0.008259084488947743,0.0717832094238327,-0.12178634684689138,7.292766093888142
2020-10-01,1372.6199951171875,0.01986803439932472,-0.008952484387136065,0.07143848923167595,-0.12889344513118617,7.4376590215077405
2020-11-01,1512.68994140625,0.10204568401111191,-0.0029871995058574443,0.07773971173107264,-0.0683800355358044,8.196640023798915
2020-12-01,1566.43994140625,0.03553272784377226,0.000423446560899358,0.07851837519786337,-0.030044100599920576,8.487889002997932
2021-01-01,1647.8900146484375,0.051996933357730146,0.0036558738271304145,0.0798791640476171,0.00708919281363074,8.929233201834627
2021-02-01,1607.8299560546875,-0.02430991039307706,0.006022096852924236,0.07846590734918595,0.03727615587009292,8.712164342819138
2021-03-01,1633.31005859375,0.015847510766366035,0.022330412422230134,0.05229427845269688,0.2847861064134851,8.850230461040315
