DATE,USDILS Price,Return,Moving Average 12 month,Moving Std 12 month,Rolling Yearly Return,USDILS
1992-01-01,2.316,,,,,1.0
1992-02-01,2.359,0.01856649395509513,,,,1.0185664939550951
1992-03-01,2.404,0.01907587961000412,,,,1.0379965457685665
1992-04-01,2.4290000000000003,0.010399334442595887,,,,1.048791018998273
1992-05-01,2.459,0.012350761630300466,,,,1.0617443868739207
1992-06-01,2.444,-0.0061000406669378116,,,,1.0552677029360968
1992-07-01,2.4459999999999997,0.0008183306055644657,,,,1.0561312607944733
1992-08-01,2.414,-0.013082583810302362,,,,1.0423143350604491
1992-09-01,2.439,0.01035625517812755,,,,1.0531088082901556
1992-10-01,2.555,0.04756047560475607,,,,1.1031951640759932
1992-11-01,2.708,0.0598825831702543,,,,1.1692573402417963
1992-12-01,2.764,0.02067946824224509,,,,1.1934369602763386
1993-01-01,2.765,0.0003617945007237111,0.015072396038535552,0.020965655839946796,0.19386873920552694,1.193868739205527
1993-02-01,2.795,0.010849909584086825,0.014429347340951526,0.020967083520404873,0.18482407799915213,1.2068221070811744
1993-03-01,2.7680000000000002,-0.009660107334525825,0.012034681762240698,0.022003518294078154,0.1514143094841931,1.1951640759930917
1993-04-01,2.728,-0.014450867052023142,0.009963831637689111,0.02330246159991915,0.123095924248662,1.1778929188255616
1993-05-01,2.7289999999999996,0.0003665689149559004,0.008965148911410398,0.0234472202141884,0.10980073200487994,1.1783246977547495
1993-06-01,2.805,0.027849028948332855,0.011794238046016287,0.02351225896447496,0.14770867430441914,1.211139896373057
1993-07-01,2.872,0.023885918003564877,0.013716536995849654,0.02347626445188245,0.17416189697465256,1.2400690846286702
1993-08-01,2.873,0.0003481894150418885,0.014835768097961674,0.02237688056231507,0.1901408450704225,1.2405008635578585
1993-09-01,2.864,-0.003132613992342659,0.013711695667089158,0.022953721967327874,0.17425174251742503,1.2366148531951642
1993-10-01,2.923,0.02060055865921795,0.011465035921627648,0.020531026728079993,0.14403131115459877,1.2620898100172713
1993-11-01,2.971,0.016421484775915207,0.00784327772209939,0.014011863667499305,0.09711964549482999,1.2828151986183076
1993-12-01,2.986,0.005048805116122601,0.006540722461589182,0.0134243233971987,0.080318379160637,1.2892918825561315
1994-01-01,2.987,0.00033489618218340844,0.006538480935044157,0.013425451115392206,0.08028933092224233,1.2897236614853196
1994-02-01,2.975,-0.00401740877134249,0.005299537738758381,0.013675089302496458,0.06440071556350624,1.2845423143350605
1994-03-01,2.969,-0.002016806722689113,0.0059364794564114405,0.013080027523891874,0.07261560693641611,1.281951640759931
1994-04-01,3.0,0.01044122600202102,0.008010820544248454,0.01142156044379701,0.0997067448680351,1.295336787564767
1994-05-01,3.037,0.012333333333333307,0.009008050912446572,0.011213986338647806,0.11286185415903272,1.3113126079447324
1994-06-01,3.033,-0.0013170892327954986,0.0065775410640192085,0.009835122191909452,0.08128342245989306,1.3095854922279793
1994-07-01,3.057,0.007912957467853587,0.005246461019376601,0.008229481644423697,0.06441504178272983,1.3199481865284974
1994-08-01,3.032,-0.008177952240758901,0.004535949214726535,0.009020844204948475,0.055342847198050826,1.3091537132987912
1994-09-01,3.013,-0.006266490765171495,0.004274792816990798,0.009303954915464818,0.052025139664804376,1.3009499136442142
1994-10-01,3.009,-0.001327580484566826,0.002447447888342067,0.007845004375540223,0.029421826890181357,1.299222797927461
1994-11-01,3.031,0.007311399135925711,0.0016882740850096094,0.006731562067902882,0.020195220464490182,1.3087219343696028
1994-12-01,3.0180000000000002,-0.0042890135268888185,0.0009101225314253244,0.006846510504127776,0.010716677829872845,1.3031088082901556
1995-01-01,2.998,-0.0066269052352551094,0.00032997241330544785,0.007186216473238242,0.0036826247070640417,1.2944732297063906
1995-02-01,2.988,-0.0033355570380254607,0.000386793391081867,0.0071513280312401045,0.0043697478991595595,1.290155440414508
1995-03-01,2.968,-0.00669344042838016,-2.926084392386915e-06,0.007416727169108855,-0.0003368137420006745,1.2815198618307428
1995-04-01,2.9610000000000003,-0.002358490566037652,-0.0010695691317306095,0.006659933820643127,-0.0129999999999999,1.2784974093264252
1995-05-01,3.005,0.014859844647078457,-0.0008590265222518471,0.0071444727142572495,-0.010536713862364211,1.2974956822107082
1995-06-01,2.951,-0.017970049916805286,-0.0022467732459193293,0.008691404335454848,-0.02703593801516646,1.2741796200345423
1995-07-01,2.989,0.012876990850559045,-0.0018331037973605413,0.009314701214470757,-0.02224403009486431,1.290587219343696
1995-08-01,3.042,0.017731682837069274,0.00032603245912513995,0.010621511567037004,0.0032981530343008103,1.3134715025906736
1995-09-01,2.995,-0.015450361604207652,-0.0004392901107945398,0.011439112374981643,-0.0059741121805508834,1.2931778929188258
1995-10-01,3.029,0.011352253756260478,0.0006173627426077355,0.01192491461814811,0.00664672648720499,1.3078583765112264
1995-11-01,3.072,0.014196104324859737,0.0011910881750189044,0.012431125321738016,0.013526888815572402,1.3264248704663213
1995-12-01,3.135,0.0205078125,0.003257490343926306,0.013456075860883605,0.03876739562624243,1.3536269430051813
1996-01-01,3.14,0.0015948963317384823,0.0039426404745091055,0.013111949885431606,0.04736490993996001,1.3557858376511227
1996-02-01,3.1010000000000004,-0.012420382165605037,0.003185571713877474,0.01381387326819837,0.03781793842034831,1.338946459412781
1996-03-01,3.111,0.0032247662044500025,0.004012088933279988,0.013461268102164588,0.048180592991913906,1.3432642487046633
1996-04-01,3.1910000000000003,0.02571520411443262,0.006351563489985844,0.014641244231446299,0.07767646065518408,1.3778065630397238
1996-05-01,3.2528,0.019366969602005568,0.006727157236229769,0.014934229928588725,0.08246256239600669,1.404490500863558
1996-06-01,3.2030000000000003,-0.01530988686669943,0.0069488374904052574,0.014549080024564289,0.08539478143002377,1.382987910189983
1996-07-01,3.153,-0.015610365282547667,0.004574891145979698,0.015766997171041963,0.054867848778855866,1.3613989637305701
1996-08-01,3.142,-0.0034887408817000365,0.0028065225027489225,0.015341493525974982,0.03287310979618674,1.3566493955094991
1996-09-01,3.22,0.024824952259707267,0.006162798658075165,0.015389778236279199,0.07512520868113515,1.3903281519861832
1996-10-01,3.273,0.016459627329192594,0.006588413122486175,0.01561531439493369,0.0805546384945528,1.4132124352331608
1996-11-01,3.253,-0.0061106018942865825,0.004896187604223982,0.015814961186652314,0.05891927083333326,1.4045768566493957
1996-12-01,3.2510000000000003,-0.0006148170919151319,0.0031359684715643876,0.015077710384487169,0.03700159489633181,1.4037132987910192
1997-01-01,3.3139999999999996,0.019378652722239043,0.004617948170772768,0.015770529411773582,0.05541401273885338,1.430915371329879
1997-02-01,3.3480000000000003,0.01025950512975271,0.006507938778719247,0.014876654277748388,0.07965172524991937,1.44559585492228
1997-03-01,3.361,0.0038829151732377998,0.00656278452611823,0.014864658200519389,0.08036001285760208,1.4512089810017272
1997-04-01,3.407,0.013686402856292634,0.0055603844212732305,0.013824917517379397,0.06769037919147602,1.471070811744387
1997-05-01,3.3939999999999997,-0.003815673613149495,0.0036284974866769757,0.013331146756787489,0.04340875553369394,1.4654576856649395
1997-06-01,3.5869999999999997,0.05686505598114322,0.00964307605733053,0.01906038515824902,0.11988760536996557,1.548791018998273
1997-07-01,3.54,-0.013102871480345613,0.009852033874180701,0.01876989605153124,0.12274024738344425,1.528497409326425
1997-08-01,3.514,-0.007344632768361614,0.009530709550292235,0.019049955992104458,0.11839592616168049,1.5172711571675301
1997-09-01,3.497,-0.004837791690381343,0.0070588142211181855,0.018807942775570102,0.08602484472049676,1.5099309153713298
1997-10-01,3.542,0.012868172719473714,0.006759526336974945,0.018672839551699506,0.08218759547815457,1.5293609671848014
1997-11-01,3.54,-0.0005646527385657629,0.0072216887666183465,0.018391857326900338,0.08822625268982476,1.528497409326425
1997-12-01,3.536,-0.001129943502824915,0.007178761565709198,0.018412400465254327,0.08766533374346341,1.5267702936096719
1998-01-01,3.611,0.02121040723981915,0.007331407775507541,0.018529954926918835,0.08961979480989757,1.5591537132987912
1998-02-01,3.582,-0.008031016338964414,0.005807197653114447,0.019013161107077632,0.06989247311827951,1.5466321243523315
1998-03-01,3.592,0.0027917364600782424,0.005716266093684484,0.01902580584527458,0.06872954477833981,1.5509499136442144
1998-04-01,3.707,0.03201559020044531,0.007243698372363873,0.020409286978657713,0.08805400645729367,1.6006044905008636
1998-05-01,3.656,-0.013757755597518129,0.006415191540333154,0.021089513167439698,0.07719505008839134,1.5785837651122627
1998-06-01,3.667,0.003008752735229603,0.0019271662698403524,0.013873289494333925,0.02230275996654596,1.5833333333333333
1998-07-01,3.65,-0.00463594218707386,0.0026327437109463316,0.013240255623974212,0.031073446327683607,1.575993091537133
1998-08-01,3.801,0.041369863013698716,0.006692285026118026,0.01687280200112482,0.08167330677290852,1.6411917098445599
1998-09-01,3.845,0.011575901078663575,0.00806009275687177,0.016514627625949126,0.09951386903059767,1.660189982728843
1998-10-01,4.25,0.10533159947984383,0.015765378320235945,0.03264998045626026,0.19988706945228696,1.8350604490500866
1998-11-01,4.191,-0.013882352941176457,0.014655569970018387,0.033471523068006354,0.1838983050847458,1.8095854922279793
1998-12-01,4.1610000000000005,-0.007158196134573913,0.014153215584039305,0.03377384821847181,0.1767533936651584,1.796632124352332
1999-01-01,4.103,-0.013938956981495054,0.011224101898929787,0.034619766791859206,0.13625034616449727,1.7715889464594128
1999-02-01,4.047,-0.013648549841579372,0.010755974107045208,0.03494030010102276,0.12981574539363483,1.7474093264248705
1999-03-01,4.034,-0.0032122559920928495,0.010255641402697616,0.03510730131218429,0.12305122494432053,1.7417962003454233
1999-04-01,4.155,0.029995042141794936,0.010087262397810085,0.03499812593899084,0.12085244132721895,1.7940414507772022
1999-05-01,4.121,-0.008182912154031219,0.010551832684767328,0.03468845956903068,0.1271881838074398,1.7793609671848016
1999-06-01,4.0760000000000005,-0.010919679689395778,0.009391129982715213,0.03519315858018837,0.11153531497136648,1.7599309153713303
1999-07-01,4.159,0.020363101079489576,0.011474383588262166,0.03502685796567703,0.1394520547945206,1.795768566493955
1999-08-01,4.2410000000000005,0.019716277951430827,0.009669918166406508,0.03388591093056724,0.11575901078663509,1.8311744386873925
1999-09-01,4.276,0.008252770572977797,0.009392990624266026,0.03388249725906268,0.11209362808842638,1.846286701208981
1999-10-01,4.251,-0.005846585594012965,0.0001281418681112941,0.015451504104750718,0.00023529411764711128,1.835492227979275
1999-11-01,4.227,-0.0056457304163726185,0.000814527078511614,0.014947267644994787,0.008589835361489051,1.8251295336787567
1999-12-01,4.1530000000000005,-0.017506505796072824,-4.783205994662865e-05,0.015727222725745116,-0.0019226147560682527,1.7931778929188258
2000-01-01,4.082,-0.017096075126414756,-0.0003109252386899371,0.016004685408103663,-0.005118206190592223,1.7625215889464594
2000-02-01,4.032,-0.012248897599215991,-0.00019428755182632207,0.015903427895123026,-0.003706449221645536,1.7409326424870468
2000-03-01,4.026,-0.0014880952380953438,-5.0607488993196594e-05,0.015881456551778424,-0.00198314328210214,1.738341968911917
2000-04-01,4.035,0.0022354694485842153,-0.002363905213427423,0.012837077740075845,-0.028880866425992857,1.7422279792746116
2000-05-01,4.168,0.0329615861214374,0.0010648029761949618,0.016196669781251803,0.011404998786702203,1.7996545768566496
2000-06-01,4.084,-0.020153550863723724,0.000295313711667633,0.017016405405606626,0.001962708537782021,1.7633851468048358
2000-07-01,4.085,0.00024485798237039447,-0.0013812065464256322,0.01580764025871518,-0.017792738639095917,1.7638169257340244
2000-08-01,4.004,-0.01982864137086915,-0.00467661648995063,0.015116468067378099,-0.055883046451308926,1.7288428324697753
2000-09-01,4.024,0.004995004995005159,-0.004948096954781683,0.014890724592432755,-0.05893358278765193,1.7374784110535406
2000-10-01,4.137,0.028081510934393483,-0.0021207555774144793,0.017666845867773343,-0.02681721947777016,1.7862694300518134
2000-11-01,4.093,-0.010635726371766907,-0.002536588573697337,0.01781545842319906,-0.031700969955050895,1.7672711571675304
2000-12-01,4.041,-0.01270461763987285,-0.0021364312273473387,0.01749977929663384,-0.026968456537442842,1.7448186528497411
2001-01-01,4.137,0.02375649591685214,0.0012679496929249023,0.018281237393080945,0.013473787359137512,1.7862694300518134
2001-02-01,4.112,-0.006043026347594793,0.0017851056305600022,0.017948856265471252,0.01984126984126977,1.7754749568221073
2001-03-01,4.192,0.01945525291828787,0.0035303846435919364,0.018607779724101436,0.04123199205166417,1.8100172711571678
2001-04-01,4.138999999999999,-0.012643129770992578,0.0022905013752938705,0.01918854337594543,0.025774473358116223,1.7871329879101898
2001-05-01,4.133,-0.001449625513408881,-0.0005770995942766532,0.01658256930302591,-0.008397312859884876,1.7845423143350605
2001-06-01,4.165,0.007742559883861633,0.0017475763013554597,0.01550931545548901,0.019833496571988407,1.7983592400690849
2001-07-01,4.209,0.010564225690276041,0.002607523610347597,0.01570329599590944,0.030354957160342533,1.817357512953368
2001-08-01,4.262,0.01259206462342588,0.005309249109872183,0.01421025963733978,0.06443556443556453,1.8402417962003454
2001-09-01,4.355,0.0218207414359457,0.006711393813283895,0.014985401322636637,0.08225646123260444,1.8803972366148536
2001-10-01,4.281000000000001,-0.016991963260619913,0.0029552709636994448,0.014789586340254535,0.034807831762146746,1.8484455958549226
2001-11-01,4.2330000000000005,-0.011212333566923638,0.0029072203641030505,0.014838612433648474,0.0342047397996581,1.8277202072538863
2001-12-01,4.416,0.04323175053153783,0.0075685843783872735,0.01794847950560488,0.09279881217520414,1.9067357512953371
2002-01-01,4.602,0.04211956521739135,0.009098840153432208,0.02010709663574183,0.11240029006526497,1.9870466321243525
2002-02-01,4.623,0.0045632333767926525,0.009982695130464495,0.01960790633337375,0.1242704280155642,1.996113989637306
2002-03-01,4.668,0.009733939000649006,0.009172585637327924,0.019380466028827655,0.11354961832061061,2.0155440414507773
2002-04-01,4.893,0.04820051413881732,0.014242889296478748,0.021041917283081593,0.18216960618506906,2.1126943005181347
2002-05-01,4.916,0.004700592683425375,0.014755407479548269,0.020697020904129594,0.18945076215823864,2.1226252158894647
2002-06-01,4.769,-0.0299023596419854,0.011618330852394351,0.024381577533179603,0.14501800720288127,2.0591537132987914
2002-07-01,4.689,-0.01677500524218911,0.009340061608022254,0.025729111246636707,0.11404133998574495,2.0246113989637307
2002-08-01,4.66,-0.006184687566645364,0.00777533225884965,0.02608190002673412,0.09338338808071334,2.0120898100172715
2002-09-01,4.871,0.045278969957081694,0.009730184635610983,0.02803619826860062,0.11848450057405291,2.1031951640759936
2002-10-01,4.765,-0.021761445288441927,0.009332727799959148,0.028479763869632257,0.11305769679981292,2.057426597582038
2002-11-01,4.643,-0.025603357817418626,0.008133475779084567,0.02970038034276058,0.0968580203165601,2.004749568221071
2002-12-01,4.737,0.020245530906741305,0.006217957477018189,0.02791874733771868,0.07269021739130421,2.045336787564767
2003-01-01,4.814,0.016255013721764744,0.004062578185715972,0.025814178843533403,0.04606692742285956,2.0785837651122625
2003-02-01,4.81,-0.0008309098462817577,0.0036130662504597713,0.0258516061761686,0.04044992429158545,2.0768566493955096
2003-03-01,4.687,-0.02557172557172549,0.0006709275360952301,0.02707191397450071,0.004070265638389081,2.0237478411053544
2003-04-01,4.521,-0.03541711115852364,-0.00629720790534985,0.02435047093908081,-0.0760269773145309,1.9520725388601037
2003-05-01,4.373,-0.03273612032736117,-0.009416933989582063,0.025196810704903008,-0.1104556550040684,1.888169257340242
2003-06-01,4.312,-0.013949233935513394,-0.008087506847376061,0.024426796997277764,-0.09582721744600542,1.8618307426597585
2003-07-01,4.428999999999999,0.02713358070500904,-0.004428458018442882,0.0262293056904453,-0.05544892301130322,1.9123488773747839
2003-08-01,4.4430000000000005,0.003160984420862656,-0.003649652019483881,0.026311038257279824,-0.04656652360515012,1.91839378238342
2003-09-01,4.441,-0.00045014629754680513,-0.007460411707369589,0.02144112910758569,-0.08827756107575457,1.9175302245250432
2003-10-01,4.492,0.011483900022517535,-0.004689966264789634,0.021572720908840947,-0.057292759706190965,1.9395509499136443
2003-11-01,4.448,-0.009795191451469232,-0.003372619067627184,0.020642131883902907,-0.04199870773206971,1.9205526770293613
2003-12-01,4.379,-0.015512589928057707,-0.006352462470527102,0.019470448422831403,-0.07557525860249115,1.8907599309153713
2004-01-01,4.4830000000000005,0.023749714546700496,-0.005727904068449123,0.020361380964658886,-0.06875778977980884,1.9356649395509502
2004-02-01,4.485,0.0004461298237785627,-0.005621484095944096,0.020392615468777294,-0.06756756756756743,1.9365284974093266
2004-03-01,4.5280000000000005,0.009587513935340075,-0.002691547470355299,0.01978230054836803,-0.033923618519308696,1.9550949913644218
2004-04-01,4.588,0.01325088339222602,0.0013641187422071728,0.017295693123414897,0.014819730148197374,1.981001727115717
2004-05-01,4.555,-0.00719267654751532,0.0034927390571943273,0.013969353321717394,0.04161902584038413,1.9667530224525043
2004-06-01,4.497,-0.012733260153677262,0.0035940702056806717,0.013835095580672438,0.04290352504638206,1.9417098445595855
2004-07-01,4.516,0.004225038914832169,0.0016850250564992657,0.011708833857680212,0.019643260329645695,1.9499136442141625
2004-08-01,4.526,0.0022143489813994943,0.0016061387698773355,0.01170117222018981,0.018681071348187972,1.954231433506045
2004-09-01,4.482,-0.009721608484312805,0.0008335169209801688,0.01214689619881085,0.00923215492006313,1.9352331606217619
2004-10-01,4.468,-0.0031236055332440893,-0.0003837752086666331,0.01170650369461722,-0.005342831700801409,1.9291882556131261
2004-11-01,4.363,-0.02350044762757375,-0.0015258798900086763,0.013272039875628507,-0.019109712230215847,1.8838514680483596
2004-12-01,4.308,-0.012606005042402169,-0.0012836644828707149,0.01301766130066026,-0.01621374743092019,1.8601036269430051
2005-01-01,4.383,0.017409470752089096,-0.0018120181324216649,0.01199798434379019,-0.02230649118893613,1.8924870466321244
2005-02-01,4.357,-0.005932010038786184,-0.0023435297876353935,0.012030087118603398,-0.0285395763656634,1.88126079447323
2005-03-01,4.361000000000001,0.0009180628873077801,-0.003065984041638085,0.011496947648521296,-0.03688162544169604,1.8829879101899831
2005-04-01,4.369,0.001834441641825002,-0.004017354187504836,0.010448534498077727,-0.04773321708805589,1.8864421416234889
2005-05-01,4.416,0.010757610437171161,-0.002521496938780963,0.011209802712563078,-0.030515916575191926,1.9067357512953371
2005-06-01,4.574,0.03577898550724634,0.001521190199629337,0.015221944271505384,0.017122526128530158,1.9749568221070812
2005-07-01,4.526,-0.010494097070397945,0.0002945955341934943,0.015573244474477369,0.0022143489813994943,1.954231433506045
2005-08-01,4.545,0.004197967300044292,0.00045989706074722747,0.015605967217668692,0.004197967300044292,1.9624352331606219
2005-09-01,4.598,0.01166116611661172,0.0022417949441576046,0.015558428856420852,0.025881302989736676,1.9853195164075994
2005-10-01,4.636,0.008264462809917328,0.003190800639421056,0.015548719495672134,0.03760071620411831,2.0017271157167533
2005-11-01,4.663,0.0058239861949958005,0.005634503457968519,0.013081007008918953,0.068760027504011,2.0133851468048363
2005-12-01,4.603,-0.012867252841518462,0.005612732808042161,0.013114299400135669,0.06847725162488394,1.9874784110535406
2006-01-01,4.658,0.01194872908972422,0.005157671002845088,0.012757636515660187,0.06274241387177737,2.011226252158895
2006-02-01,4.706,0.010304851867754428,0.0065107428283901385,0.012328359726451613,0.08010098691760392,2.031951640759931
2006-03-01,4.665,-0.008712282192945286,0.005708214071702383,0.013019589373520003,0.06970878238936007,2.0142487046632125
2006-04-01,4.503,-0.03472668810289392,0.002661453259642473,0.01751152598533495,0.03067063401235992,1.9443005181347153
2006-05-01,4.518,0.0033311125916055673,0.0020425784391786737,0.01732967390907195,0.02309782608695632,1.950777202072539
2006-06-01,4.44,-0.01726427622841953,-0.0023776933721268156,0.014471405712978799,-0.02929602098819406,1.9170984455958553
2006-07-01,4.393,-0.010585585585585755,-0.002385317415059133,0.014476093786553661,-0.029385771100309377,1.896804835924007
2006-08-01,4.364,-0.006601411336216723,-0.003285265634747551,0.01436487867626688,-0.03982398239823981,1.8842832469775477
2006-09-01,4.297,-0.015352887259395098,-0.005536436749414786,0.013919461673727353,-0.06546324488908228,1.8553540587219344
2006-10-01,4.288,-0.0020944845240864485,-0.006399682360581767,0.013292873814745771,-0.07506471095772216,1.8514680483592403
2006-11-01,4.247,-0.009561567164179219,-0.007681811807179685,0.012737056204572742,-0.08921295303452725,1.8337651122625216
2006-12-01,4.225,-0.00518012714857552,-0.00704121799943444,0.012645530689590501,-0.08212035628937653,1.8242659758203799
2007-01-01,4.26,0.008284023668639007,-0.007346610117858208,0.012180945179847656,-0.08544439673679705,1.839378238341969
2007-02-01,4.211,-0.011502347417840286,-0.009163876724991101,0.010863601560168806,-0.10518487037824054,1.8182210708117446
2007-03-01,4.155,-0.013298503918309224,-0.00954606186877143,0.010926758839223172,-0.10932475884244364,1.7940414507772022
2007-04-01,4.024,-0.03152827918170886,-0.009279527792006007,0.010276345749153782,-0.1063735287586054,1.7374784110535406
2007-05-01,4.033,0.0022365805168986785,-0.009370738798231582,0.01015842135124364,-0.10734838424081439,1.7413644214162352
2007-06-01,4.249,0.05355814530126435,-0.003468870337424592,0.020482543948768188,-0.04301801801801819,1.834628670120898
2007-07-01,4.305,0.01317957166392092,-0.001488440566632369,0.02087699567590583,-0.020031868882312787,1.8588082901554404
2007-08-01,4.124,-0.04204413472706159,-0.004442000849202775,0.023947438791881496,-0.054995417048579354,1.7806563039723662
2007-09-01,4.013,-0.026915615906886514,-0.005405561569827059,0.024648718594679868,-0.06609262276006511,1.7327288428324699
2007-10-01,3.966,-0.011711936207326135,-0.0062070158767637,0.02468759680072946,-0.07509328358208955,1.712435233160622
2007-11-01,3.83,-0.03429147755925366,-0.008267841743019902,0.025990858057807802,-0.0981869554979985,1.6537132987910192
2007-12-01,3.846,0.004177545691905982,-0.0074880356729797775,0.026231189355939082,-0.08970414201183419,1.6606217616580312
2008-01-01,3.625,-0.057462298491939734,-0.012966895853028007,0.029321544091877642,-0.14906103286384975,1.5651986183074267
2008-02-01,3.635,0.0027586206896550447,-0.011778481844070062,0.02967319185176183,-0.1367846117311804,1.569516407599309
2008-03-01,3.553,-0.022558459422283295,-0.012550144802734567,0.029836270401530075,-0.14488567990373047,1.5341105354058722
2008-04-01,3.429,-0.03490008443568815,-0.012831128573899508,0.030046382539394265,-0.14786282306163023,1.4805699481865284
2008-05-01,3.233,-0.05715952172645078,-0.017780803760845298,0.03215674015238317,-0.1983635011157947,1.3959412780656306
2008-06-01,3.352,0.03680791834209707,-0.01917665600744257,0.028985760446249273,-0.21110849611673332,1.447322970639033
2008-07-01,3.47,0.035202863961814046,-0.01734138164928481,0.03178293615140903,-0.19396051103368162,1.4982728842832471
2008-08-01,3.592,0.03515850144092214,-0.010907828635286165,0.034060147061961095,-0.12900096993210464,1.5509499136442144
2008-09-01,3.4210000000000003,-0.047605790645879664,-0.012632009863535595,0.035439894505551184,-0.1475205581858957,1.4771157167530227
2008-10-01,3.783,0.105817012569424,-0.002837930798806417,0.04926190111055535,-0.04614220877458408,1.633419689119171
2008-11-01,3.92,0.036214644462067236,0.003037579369636991,0.04937390045275877,0.023498694516971286,1.6925734024179622
2008-12-01,3.802,-0.030102040816326503,0.00018094716061761718,0.05028519865095945,-0.0114404576183047,1.641623488773748
2009-01-01,4.065,0.06917411888479763,0.010733981942012397,0.05037633706329714,0.12137931034482774,1.7551813471502593
2009-02-01,4.162,0.023862238622386123,0.012492616769739987,0.050440928433832195,0.14497936726272354,1.7970639032815199
2009-03-01,4.188,0.006246996636232627,0.014893071441282981,0.04929359492876078,0.1787222065859837,1.8082901554404145
2009-04-01,4.163,-0.005969436485195656,0.01730395877049069,0.047304219342111625,0.2140565762613007,1.7974956822107084
2009-05-01,3.958,-0.04924333413403792,0.017963641069858427,0.046214018868345995,0.22424992267244037,1.7089810017271159
2009-06-01,3.9189999999999996,-0.009853461344113357,0.014075192762674224,0.04644677792675171,0.16915274463007157,1.6921416234887736
2009-07-01,3.79,-0.03291656034702717,0.00839857407027079,0.04777360753902793,0.0922190201729105,1.6364421416234889
2009-08-01,3.8110000000000004,0.005540897097625397,0.0059304403749960615,0.04702462193339703,0.06096881959910916,1.6455094991364425
2009-09-01,3.758,-0.013907110994489713,0.008738663679278558,0.044473927747986135,0.09850920783396666,1.6226252158894647
2009-10-01,3.7460000000000004,-0.0031931878658859603,-0.0003455196903306053,0.03231257474169072,-0.009780597409463243,1.6174438687392059
2009-11-01,3.792,0.012279765082754857,-0.00234009297193997,0.030540791935695012,-0.032653061224489854,1.6373056994818653
2009-12-01,3.775,-0.004483122362869185,-0.00020518310081852711,0.029293673591929765,-0.007101525512888007,1.629965457685665
2010-01-01,3.7239999999999998,-0.013509933774834448,-0.007095520822454533,0.019617061769341502,-0.08388683886838888,1.607944732297064
2010-02-01,3.7960000000000003,0.019334049409237553,-0.007472869923550248,0.01900131775751334,-0.08793849111004315,1.6390328151986184
2010-03-01,3.713,-0.021865121180189684,-0.009815546408252107,0.018888657977773088,-0.11341929321872013,1.6031951640759932
2010-04-01,3.716,0.000807971990304468,-0.009250762368627097,0.01911409335281515,-0.10737448955080475,1.6044905008635582
2010-05-01,3.8289999999999997,0.03040904198062422,-0.0026130643590719185,0.01774470491549568,-0.03259221829206682,1.6532815198618307
2010-06-01,3.875,0.012013580569339322,-0.0007908108662841954,0.018053677987841195,-0.011227353916815397,1.6731433506044906
2010-07-01,3.779,-0.02477419354838717,-0.00011228029973086213,0.016849338261068707,-0.0029023746701847264,1.6316925734024181
2010-08-01,3.8169999999999997,0.010055570256681579,0.00026394246352381967,0.017036406059419064,0.0015743899239042403,1.6481001727115716
2010-09-01,3.665,-0.039821849620120475,-0.0018956190886120772,0.020321770554862485,-0.024747205960617302,1.582469775474957
2010-10-01,3.636,-0.007912687585265976,-0.002288910731893745,0.020394703483749718,-0.029364655632674985,1.5699481865284977
2010-11-01,3.6830000000000003,0.012926292629263036,-0.002235033436351397,0.020437497839341855,-0.02874472573839648,1.5902417962003457
2010-12-01,3.549,-0.03638338311159395,-0.004893388498745127,0.02270534210134896,-0.0598675496688742,1.5323834196891193
2011-01-01,3.71,0.04536489151873768,1.2846942385883834e-05,0.02668614598473979,-0.003759398496240518,1.6018998272884284
2011-02-01,3.622,-0.023719676549865287,-0.0035749635542060196,0.02674646868677501,-0.04583772391991581,1.563903281519862
2011-03-01,3.4810000000000003,-0.0389287686361125,-0.00499693417553292,0.028220249212465253,-0.062483167250201976,1.503022452504318
2011-04-01,3.395,-0.024705544383797795,-0.007123060540041443,0.028700165572349372,-0.0863832077502692,1.4658894645941278
2011-05-01,3.437,0.012371134020618513,-0.008626219536708585,0.02697632901941141,-0.10237659963436929,1.4840241796200346
2011-06-01,3.415,-0.0064009310445155565,-0.010160762171196491,0.026208323293269848,-0.11870967741935479,1.4745250431778931
2011-07-01,3.43,0.004392386530014614,-0.007730213831329676,0.02608201973147682,-0.09235247419952364,1.481001727115717
2011-08-01,3.5580000000000003,0.03731778425655974,-0.0054583626646731625,0.02881609652674333,-0.06785433586586309,1.5362694300518136
2011-09-01,3.7119999999999997,0.04328274311410896,0.00146702006317929,0.029776984179516394,0.012824010914051831,1.6027633851468048
2011-10-01,3.6039999999999996,-0.02909482758620696,-0.00029815827023245883,0.03098682127011696,-0.008800880088008944,1.5561312607944733
2011-11-01,3.793,0.05244173140954511,0.002994794961457714,0.03442845201111305,0.029866956285636626,1.6377374784110537
2011-12-01,3.821,0.007382019509623028,0.006641911846559129,0.03211837576372274,0.07664130741053832,1.649827288428325
2012-01-01,3.733,-0.023030620256477397,0.0009422858652912055,0.03065742064921827,0.00619946091644219,1.6118307426597585
2012-02-01,3.766,0.008840075006697035,0.0036555984950047324,0.029702264602262576,0.03975704030922156,1.6260794473229707
2012-03-01,3.715,-0.0135422198619225,0.005771144226187232,0.027191409029194258,0.06722206262568209,1.6040587219343696
2012-04-01,3.75,0.009421265141319024,0.008615045019946968,0.025442522652746206,0.10456553755522835,1.6191709844559588
2012-05-01,3.8810000000000002,0.03493333333333348,0.010495228296006548,0.02655468555408087,0.12918242653476875,1.6757340241796201
2012-06-01,3.923,0.010821953104869886,0.011930468641788669,0.026018476204552846,0.1487554904831625,1.693868739205527
2012-07-01,3.997,0.018863114963038496,0.013136362677873992,0.025972644493865965,0.16530612244897958,1.7258203799654577
2012-08-01,4.0280000000000005,0.007755816862647036,0.010672865395047934,0.024848164701581146,0.1320966835300732,1.739205526770294
2012-09-01,3.912,-0.028798411122145096,0.004666102542026762,0.024960600453116502,0.053879310344827624,1.689119170984456
2012-10-01,3.878,-0.008691206543967267,0.006366404295546736,0.023075513025007776,0.07602663706992252,1.6744386873920554
2012-11-01,3.81,-0.01753481175863847,0.000535025698198105,0.01882344997626833,0.004481940416556807,1.645077720207254
2012-12-01,3.733,-0.02020997375328082,-0.0017643070737105488,0.01958100996266148,-0.023030620256477397,1.6118307426597585
2013-01-01,3.728,-0.0013394053040449716,4.329417232548649e-05,0.018405263231148706,-0.0013394053040449716,1.609671848013817
2013-02-01,3.708,-0.005364806866952843,-0.0011404459838120033,0.018244152675714703,-0.015400955921402004,1.601036269430052
2013-03-01,3.648,-0.016181229773462813,-0.0013603634764403627,0.018422271581981557,-0.018034993270524824,1.5751295336787567
2013-04-01,3.594,-0.014802631578947456,-0.0033790215364625695,0.01846060248295867,-0.04160000000000008,1.5518134715025906
2013-05-01,3.6830000000000003,0.024763494713411438,-0.0042265080881227395,0.01669043865678332,-0.051017778922958,1.5902417962003457
2013-06-01,3.6180000000000003,-0.017648655986967077,-0.00659905884577582,0.01637744589057014,-0.07774662248279374,1.562176165803109
2013-07-01,3.5660000000000003,-0.014372581536760687,-0.009368700220759085,0.0143668889296593,-0.10783087315486606,1.5397236614853198
2013-08-01,3.614,0.013460459899046429,-0.008893313301059136,0.015062572599428586,-0.10278053624627626,1.560449050086356
2013-09-01,3.537,-0.021306032097399008,-0.008268948382330296,0.014298368363598702,-0.09585889570552153,1.5272020725388602
2013-10-01,3.529,-0.002261803788521366,-0.00773316481937647,0.014401197653391836,-0.08999484270242397,1.5237478411053542
2013-11-01,3.523,-0.0017001983564748357,-0.006413613702529501,0.01414460787783082,-0.0753280839895013,1.5211571675302247
2013-12-01,3.471,-0.014760147601476037,-0.005959461523212435,0.013743161205903916,-0.07018483793195818,1.4987046632124355
2014-01-01,3.498,0.007778738115816752,-0.005199616238223959,0.014264017382638064,-0.06169527896995708,1.5103626943005184
2014-02-01,3.4960000000000004,-0.0005717552887363198,-0.004800195273372582,0.014325944279688793,-0.057173678532901784,1.509499136442142
2014-03-01,3.487,-0.0025743707093822676,-0.0036662903513658696,0.01387462346347013,-0.044133771929824595,1.5056131260794474
2014-04-01,3.466,-0.006022368798394018,-0.0029346017863197496,0.0134592500487435,-0.035614913745130705,1.4965457685664942
2014-05-01,3.475,0.00259665320253899,-0.004781838578892454,0.010510290876737568,-0.05647569915829487,1.5004317789291883
2014-06-01,3.438,-0.010647482014388476,-0.004198407414510903,0.00990818962028496,-0.04975124378109452,1.484455958549223
2014-07-01,3.429,-0.002617801047120505,-0.0032188423737075553,0.009377751050688384,-0.03841839596186214,1.4805699481865284
2014-08-01,3.568,0.04053659959171774,-0.0009624973993182795,0.015203500876795516,-0.012728278915329239,1.5405872193436962
2014-09-01,3.695,0.035594170403587366,0.003779186142430585,0.01704363019146295,0.044670624823296645,1.5954231433506045
2014-10-01,3.784,0.024086603518267857,0.005974886751329687,0.017871722352517928,0.07225843015018407,1.6338514680483593
2014-11-01,3.889,0.027748414376321362,0.008428937812396037,0.018723573456524995,0.10388873119500408,1.6791882556131261
2014-12-01,3.889,0.0,0.00965895011251904,0.017507017761750444,0.12042639008931144,1.6791882556131261
2015-01-01,3.924,0.00899974286448968,0.009760700508241784,0.017498642802799554,0.12178387650085765,1.694300518134715
2015-02-01,3.966,0.01070336391437321,0.010700293775167577,0.017193451302890086,0.13443935926773443,1.712435233160622
2015-03-01,3.98,0.0035300050428643814,0.011208991754521466,0.016851904355484094,0.14138227702896478,1.7184801381692574
2015-04-01,3.861,-0.029899497487437143,0.009219231030434538,0.020156956419000744,0.11396422388920957,1.667098445595855
2015-05-01,3.8760000000000003,0.0038850038850040125,0.009326593587306623,0.020121876232737222,0.11539568345323747,1.673575129533679
2015-06-01,3.7689999999999997,-0.02760577915376694,0.007913402159025085,0.02214592118071999,0.0962769051774286,1.6273747841105355
2015-07-01,3.783,0.0037145131334572756,0.008441095007406566,0.021946718507128274,0.10323709536307968,1.633419689119171
2015-08-01,3.93,0.0388580491673276,0.008301215805374055,0.021727816016035666,0.10145739910313911,1.6968911917098448
2015-09-01,3.923,-0.0017811704834606035,0.005186604064786725,0.020075804850016827,0.06170500676589996,1.693868739205527
2015-10-01,3.867,-0.014274789701758883,0.001989821296451163,0.019845586116348336,0.02193446088794926,1.6696891191709846
2015-11-01,3.877,0.0025859839668993523,-0.00010704790433400484,0.018131860804191303,-0.0030856261249678774,1.674006908462867
2015-12-01,3.9019999999999997,0.006448284756254807,0.00043030915868722913,0.01823060372542249,0.00334276163538183,1.6848013816925733
2016-01-01,3.951,0.01255766273705805,0.00072680248140126,0.01841068525073757,0.006880733944954143,1.705958549222798
2016-02-01,3.91,-0.010377119716527439,-0.0010299044878404606,0.01837790106489408,-0.014120020171457415,1.6882556131260795
2016-03-01,3.766,-0.03682864450127876,-0.004393125283185723,0.020976700679268823,-0.053768844221105505,1.6260794473229707
2016-04-01,3.761,-0.0013276686139139793,-0.0020121395437254588,0.019379076274390807,-0.025900025900025936,1.6239205526770295
2016-05-01,3.85,0.023663919170433312,-0.0003638966032730173,0.020720911270589625,-0.006707946336429349,1.6623488773747843
2016-06-01,3.846,-0.0010389610389610615,0.0018500049062941393,0.018883463258746673,0.02042982223401446,1.6606217616580312
2016-07-01,3.8280000000000003,-0.004680187207488196,0.0011504465445486833,0.018963437227715773,0.011895321173671869,1.6528497409326428
2016-08-01,3.786,-0.010971786833855912,-0.003002039788883276,0.014996663264981532,-0.036641221374045796,1.6347150259067358
2016-09-01,3.758,-0.007395668251452769,-0.0034699146028826233,0.015042622979154903,-0.042059648228396695,1.6226252158894647
2016-10-01,3.8489999999999998,0.024215007982969494,-0.0002624314624885919,0.01655662405903493,-0.004654771140419012,1.6619170984455958
2016-11-01,3.839,-0.0025980774227071235,-0.0006944365782891315,0.016543172261214902,-0.009801392829507316,1.6575993091537133
2016-12-01,3.845,0.0015629070070330986,-0.001101551390724274,0.01641100034472368,-0.014607893388006055,1.660189982728843
2017-01-01,3.7689999999999997,-0.019765929778933766,-0.0037951841003902587,0.01661665992965108,-0.04606428752214642,1.6273747841105355
2017-02-01,3.659,-0.029185460334306135,-0.005362545818538483,0.018113561060225693,-0.06419437340153455,1.5798791018998273
2017-03-01,3.6319999999999997,-0.007379065318393052,-0.0029084142199646743,0.015227934495082307,-0.0355815188528944,1.5682210708117443
2017-04-01,3.6189999999999998,-0.0035792951541849805,-0.0030960497649872576,0.015220556429428156,-0.037755915979792665,1.5626079447322971
2017-05-01,3.5610000000000004,-0.016026526664824403,-0.006403586917925401,0.013031927191085285,-0.07506493506493495,1.5375647668393786
2017-06-01,3.4960000000000004,-0.01825329963493394,-0.007838115134256474,0.013331727077860706,-0.09100364014560569,1.509499136442142
2017-07-01,3.5580000000000003,0.017734553775743622,-0.005970220052320489,0.015247071008165896,-0.07053291536050155,1.5362694300518136
2017-08-01,3.596,0.010680157391793177,-0.004165891366849732,0.0158698029211207,-0.05018489170628626,1.5526770293609673
2017-09-01,3.529,-0.018631813125695285,-0.005102236773036607,0.01640029826025845,-0.060936668440659925,1.5237478411053542
2017-10-01,3.5210000000000004,-0.0022669311419664107,-0.007309065033447933,0.013647392823161263,-0.08521693946479592,1.5202936096718482
2017-11-01,3.4989999999999997,-0.00624822493609789,-0.007613243992897163,0.01357332383402875,-0.0885647303985414,1.5107944732297063
2017-12-01,3.467,-0.009145470134323985,-0.008505608754676921,0.013263677367141019,-0.0983094928478544,1.4969775474956823
2018-01-01,3.405,-0.01788289587539671,-0.0083486892627155,0.013128801474576646,-0.09657734146988584,1.4702072538860105
2018-02-01,3.485,0.023494860499265746,-0.0039586625265845094,0.014284741782035908,-0.047553976496310435,1.5047495682210708
2018-03-01,3.514,0.008321377331420354,-0.002650292305766725,0.014657143953510334,-0.032488986784140916,1.5172711571675301
2018-04-01,3.588,0.021058622652248227,-0.0005971324885639581,0.01616341147886871,-0.008565902182923413,1.5492227979274613
2018-05-01,3.588,0.0,0.0007384114001714089,0.01541752488626643,0.0075821398483570945,1.5492227979274613
2018-06-01,3.65,0.01727982162764774,0.0036995048387198823,0.014839802381237582,0.04405034324942769,1.575993091537133
2018-07-01,3.6639999999999997,0.003835616438356171,0.0025412600606042612,0.0141721706747175,0.029792017987633423,1.5820379965457685
2018-08-01,3.6039999999999996,-0.01637554585152845,0.0002866181236607923,0.014893432387069519,0.0022246941045604984,1.5561312607944733
2018-09-01,3.627,0.0063817980022198295,0.0023710857176537183,0.013708198363026223,0.02776990648909039,1.5660621761658031
2018-10-01,3.721,0.02591673559415497,0.0047197246123305,0.015177000834954853,0.05680204487361529,1.6066493955094994
2018-11-01,3.701,-0.005374899220639606,0.004792501755285357,0.015121618638312864,0.057730780222921,1.598013816925734
2018-12-01,3.748,0.012699270467441348,0.006612896805432468,0.014596950883589192,0.0810498990481685,1.6183074265975823
2019-01-01,3.642,-0.028281750266809014,0.00574632560614811,0.016382812261608048,0.0696035242290749,1.572538860103627
2019-02-01,3.6039999999999996,-0.010433827567270848,0.0029189349339367268,0.01596364939847982,0.034146341463414664,1.5561312607944733
2019-03-01,3.6319999999999997,0.007769145394006749,0.0028729156058189265,0.015947447409309326,0.03357996585088219,1.5682210708117443
2019-04-01,3.608,-0.0066079295154183315,0.0005673695918467133,0.01505418045824474,0.00557413600891854,1.5578583765112264
2019-05-01,3.634,0.007206208425720506,0.0011678869606567555,0.015172752676033395,0.012820512820512775,1.569084628670121
2019-06-01,3.5660000000000003,-0.01871216290588873,-0.001831445083804617,0.015255421369814788,-0.023013698630136914,1.5397236614853198
2019-07-01,3.4989999999999997,-0.018788558609086015,-0.003716793004424799,0.01587674217872999,-0.045032751091703016,1.5107944732297063
2019-08-01,3.535,0.010288653901114664,-0.0014947763583712064,0.01580978002257481,-0.019145394006659155,1.5263385146804838
2019-09-01,3.4819999999999998,-0.014992927864215133,-0.003276003513907453,0.016044050203468576,-0.0399779432037497,1.503454231433506
2019-10-01,3.529,0.013497989661114262,-0.004310899008327512,0.014295026924320242,-0.05159903251814035,1.5237478411053542
2019-11-01,3.4760000000000004,-0.015018418815528345,-0.005114525641234907,0.014627479858831796,-0.060794379897324946,1.5008635578583769
2019-12-01,3.4560000000000004,-0.005753739930955071,-0.006652276507767942,0.013511934010019181,-0.07790821771611522,1.4922279792746116
2020-01-01,3.448,-0.0023148148148149916,-0.004488365220101774,0.011689487358369808,-0.05326743547501367,1.4887737478411054
2020-02-01,3.467,0.005510440835266861,-0.0031596761865569645,0.01185721064528511,-0.03801331853496104,1.4969775474956823
2020-03-01,3.565,0.028266512835304347,-0.001451562233115498,0.014708322514561587,-0.01844713656387653,1.5392918825561313
2020-04-01,3.5,-0.018232819074333828,-0.0024203030296917893,0.015443278078667197,-0.029933481152993324,1.5112262521588948
2020-05-01,3.502,0.000571428571428445,-0.0029732013508827946,0.015183889765425477,-0.03632361034672538,1.5120898100172713
2020-06-01,3.466,-0.01027984009137628,-0.002270507783006757,0.014572085120483027,-0.028042624789680337,1.4965457685664942
2020-07-01,3.408,-0.016733987305251108,-0.0020992935076871813,0.014371046577961085,-0.02600743069448408,1.4715025906735753
2020-08-01,3.362,-0.013497652582159625,-0.004081485714626705,0.014145699939138405,-0.04893917963224892,1.4516407599309156
2020-09-01,3.4410000000000003,0.023497917906008414,-0.0008739152337747432,0.015722626798979972,-0.011774842044801725,1.4857512953367877
2020-10-01,3.4219999999999997,-0.005521650682941193,-0.002458885262446031,0.015087969809379754,-0.030320204023802866,1.4775474956822108
2020-11-01,3.3080000000000003,-0.03331385154880173,-0.00398350465688548,0.017242939668541648,-0.04833141542002306,1.4283246977547497
2020-12-01,3.215,-0.028113663845223846,-0.005846831649741212,0.018605902417058097,-0.0697337962962965,1.3881692573402418
2021-01-01,3.2910000000000004,0.02363919129082448,-0.0036839978076045887,0.020469027279524363,-0.045533642691415244,1.4209844559585494
